<?xml version="1.0" encoding="UTF-8" ?><rss version="2.0" xmlns:wp="http://wordpress.org/export/1.2/"><channel><title>example.com</title><link>https://example.com</link><item><title><![CDATA[It's a post]]></title><link>https://example.com/</link><guid isPermaLink="false">https://example.com/</guid><wp:comment><wp:comment_id>42</wp:comment_id><wp:comment_author><![CDATA[Luke Skywalker]]></wp:comment_author><wp:comment_author_email><![CDATA[luke@skywalker.com]]></wp:comment_author_email><wp:comment_author_url><![CDATA[https://skywalker.com/]]></wp:comment_author_url><wp:comment_date><![CDATA[2000-01-02 12:16:00]]></wp:comment_date><wp:comment_date_gmt><![CDATA[2000-01-02 02:16:00]]></wp:comment_date_gmt><wp:comment_content><![CDATA[Lorem ipsum dolor sit amet, consectetur adipiscing elit. Quisque venenatis risus a justo varius, commodo malesuada dolor bibendum. Praesent ut dapibus sapien. Sed nisi odio, tristique non diam eu, euismod dignissim ligula. Duis lobortis egestas dolor eu dictum. Quisque ultrices elementum dictum. Duis lacinia maximus efficitur. Donec eget eros eu est pulvinar ultricies non in erat. Aliquam id dignissim mi. Sed congue tellus id lorem hendrerit, ac efficitur elit vehicula. Phasellus nec turpis eros. Suspendisse potenti. Sed id vestibulum magna. Vestibulum molestie, nunc vel congue malesuada, tortor lectus laoreet quam, eget pellentesque quam lacus quis quam. Nunc scelerisque diam in finibus convallis. Nam consequat quam nisi, quis dignissim enim venenatis non. Quisque at felis et quam viverra vulputate id ac ipsum.

Suspendisse ut odio vehicula, egestas eros ullamcorper, consequat dui. Etiam nec eleifend dolor. Etiam cursus dolor orci. Phasellus sem enim, ultricies quis ipsum et, suscipit dignissim sem. Pellentesque ut metus libero. Fusce fermentum, lectus in placerat commodo, mi leo imperdiet sapien, sit amet luctus nisl massa et orci. Interdum et malesuada fames ac ante ipsum primis in faucibus. Fusce nec purus ut neque ullamcorper tincidunt vel vitae leo. Phasellus ut pretium libero. Sed ac lorem id magna commodo accumsan. Aliquam quis orci id lorem semper cursus a eu lorem. In luctus mauris at nibh commodo vehicula. Nunc ullamcorper non augue et finibus. Curabitur pulvinar tempor lorem, id feugiat enim hendrerit vitae. Aenean nec bibendum lorem. Suspendisse potenti.

Pellentesque placerat molestie fringilla. Duis ut ullamcorper nunc. Aliquam suscipit purus a tempor congue. Nulla non nibh mollis, tristique justo non, tempor nisl. Ut rhoncus, purus vel maximus efficitur, nibh libero commodo magna, vel maximus felis eros eu sapien. Aenean auctor orci vel velit ornare, sit amet efficitur nibh mollis. Maecenas vel leo a ante porttitor feugiat non vitae sapien. Suspendisse nisl nibh, ullamcorper volutpat nunc a, sodales hendrerit erat. Phasellus eu nisi ligula. Morbi dapibus enim eu nibh luctus porta. Maecenas ut dignissim dolor, in rhoncus turpis. Suspendisse semper mollis gravida. Integer vitae nisl rutrum turpis blandit eleifend sit amet in diam.

Yay, imported!

Maecenas vulputate urna sit amet sapien euismod, et accumsan libero ullamcorper. Vivamus tincidunt erat vel pellentesque egestas. Suspendisse nec faucibus felis, consequat interdum ipsum. Nullam in ultricies ante. Duis sit amet imperdiet lectus. Vestibulum accumsan urna id sem molestie fringilla. Ut ac finibus metus. Donec pharetra, leo ut ultricies placerat, velit sem convallis velit, eu pulvinar leo urna ac velit. Interdum et malesuada fames ac ante ipsum primis in faucibus. Proin eleifend, orci quis sodales mollis, orci nisl convallis dui, in pulvinar nisl nisl nec leo. Sed vulputate elit at ligula efficitur ullamcorper. Mauris lectus ex, porta ut leo vel, feugiat varius ex.

Etiam venenatis orci non erat laoreet cursus. Pellentesque at dignissim dolor. Ut urna ligula, imperdiet ac mauris a, tempor placerat sem. Mauris mauris velit, dictum lobortis venenatis sit amet, scelerisque ut nisl. Mauris in neque laoreet, auctor ipsum at, lobortis est. Integer rutrum enim dapibus rutrum mattis. Cras semper sodales diam feugiat ultrices. Maecenas in consectetur augue, at blandit justo. Donec varius et mauris vel luctus. In volutpat mauris ut orci cursus, ut semper nulla ultricies. Orci varius natoque penatibus et magnis dis parturient montes, nascetur ridiculus mus. Integer sem arcu, porta non sem vitae, aliquet porta arcu. Aliquam erat volutpat. Nunc in quam risus.

Curabitur auctor risus sed accumsan pretium. Morbi egestas massa eget commodo volutpat. In ullamcorper malesuada enim. Nulla auctor turpis dui, ac tincidunt lorem commodo non. Praesent auctor metus tellus, et congue arcu consequat sit amet. Morbi ac tempor diam. Praesent malesuada turpis at odio pellentesque, et vulputate odio bibendum. Fusce sollicitudin ligula vitae ante dignissim, et molestie tellus volutpat. Nam finibus dapibus enim, vel placerat lacus blandit in. Praesent suscipit nibh at ligula dictum, at dapibus mauris ultricies. Praesent lobortis odio neque, sed volutpat erat interdum in. Donec dignissim egestas vulputate. Curabitur finibus mauris at ultricies interdum.

Ut eget dapibus ex. Quisque congue ultricies dolor, in aliquam nulla finibus quis. Suspendisse sodales egestas vulputate. Suspendisse lorem leo, laoreet a venenatis sed, convallis elementum enim. Cras at dui lectus. Class aptent taciti sociosqu ad litora torquent per conubia nostra, per inceptos himenaeos. Integer at nibh at lectus aliquam lobortis eu a ipsum. Nam porttitor mi nisi, tristique iaculis risus lacinia ullamcorper. Interdum et malesuada fames ac ante ipsum primis in faucibus. Pellentesque mattis porttitor libero, eu laoreet leo tincidunt id. Praesent feugiat lacinia quam, sit amet malesuada purus semper a. Cras malesuada metus efficitur elit suscipit, eget scelerisque metus gravida. Nulla ut mattis sapien. Quisque sed sem auctor, varius neque a, commodo nisl. Etiam accumsan, nunc quis tincidunt blandit, sapien neque ultricies augue, et convallis lorem metus eu sapien.

Nullam non cursus sem. Nulla dapibus dui ut mi auctor elementum. Aenean sed faucibus felis, vitae aliquam dui. Pellentesque habitant morbi tristique senectus et netus et malesuada fames ac turpis egestas. Curabitur iaculis vel erat a imperdiet. Duis ac ornare sapien, non tristique orci. Suspendisse non diam quis diam aliquet fermentum. Vestibulum augue lectus, rutrum ac diam placerat, pretium mattis urna.

Nunc aliquam lobortis placerat. Praesent vehicula pharetra diam nec lacinia. Nam orci quam, accumsan a tempor sit amet, vehicula sed nunc. Vestibulum non ligula ex. Donec eget metus ac nulla tristique sagittis. Duis ultrices commodo libero, sit amet ornare arcu vehicula quis. Praesent a tempus lacus. Morbi nec lacinia odio. Suspendisse in mauris lectus. Maecenas diam leo, vehicula non porta vel, commodo ut odio. Quisque eleifend diam a faucibus interdum. Morbi dignissim justo non mi vestibulum, at volutpat turpis bibendum. Donec volutpat metus ac purus cursus, quis laoreet lacus ultricies. Nulla quis dignissim sem, a sollicitudin enim. Sed eleifend euismod laoreet.

Nunc eu mauris id massa fringilla ultricies. Class aptent taciti sociosqu ad litora torquent per conubia nostra, per inceptos himenaeos. Suspendisse odio metus, ullamcorper vel sem vitae, convallis semper nunc. Donec vel est ac dolor dictum aliquet id a lorem. Praesent viverra, ex in cursus gravida, ligula velit ultrices justo, eu aliquet risus lorem at nisi. Praesent at vulputate eros. Cras quam turpis, hendrerit et ante vel, fermentum vulputate velit. Pellentesque et odio posuere, fermentum purus eu, viverra augue. Suspendisse vulputate ac leo id euismod. Praesent risus urna, eleifend sit amet fermentum non, rutrum sit amet neque.

Nunc lobortis vel nunc quis facilisis. Proin vitae libero semper, pharetra quam sit amet, suscipit justo. Nunc quis maximus neque. Nulla vitae mi neque. Pellentesque ultricies ligula turpis, nec fermentum quam fermentum vitae. Interdum et malesuada fames ac ante ipsum primis in faucibus. Nam a vestibulum magna. Suspendisse cursus a risus eu porta. Etiam cursus quis dolor a consequat. Morbi molestie, est vel accumsan viverra, quam ante aliquam odio, ac tempus sapien turpis a lectus.

Ut pellentesque ante ac ex ullamcorper pulvinar. In scelerisque sapien nec enim efficitur sagittis. Duis arcu elit, eleifend vel porta sed, egestas eget risus. Curabitur rhoncus tincidunt lacinia. Cras at arcu faucibus, feugiat eros eget, iaculis orci. In ligula ipsum, auctor pretium volutpat vel, scelerisque sed erat. Fusce eu orci a arcu hendrerit sagittis eget in eros. Morbi tempus risus sed faucibus bibendum. Maecenas mollis leo ultrices, vestibulum nisi sed, consequat erat. Morbi tincidunt auctor turpis ut pellentesque. Curabitur gravida, nibh a condimentum elementum, augue ipsum rutrum quam, a finibus lorem lorem a orci. Duis sollicitudin sollicitudin tempus. Nunc a lectus sed justo dictum lacinia. Quisque a ipsum eget orci tincidunt volutpat eleifend ut lectus.

Quisque diam tortor, elementum vel mauris sit amet, pulvinar lacinia neque. Nulla hendrerit ac risus tempor tristique. Integer facilisis suscipit lorem. Sed in leo vestibulum, finibus lacus et, vehicula ipsum. Nam feugiat turpis eget leo imperdiet dignissim. Maecenas quam ligula, finibus nec lacus ac, commodo lacinia tellus. Cras ultricies risus justo, vitae ornare turpis hendrerit tincidunt. Duis ullamcorper mauris dolor, vel elementum magna posuere et. Mauris non ex fringilla, scelerisque sapien vel, tristique sem. Morbi in enim et nulla accumsan imperdiet ornare eu quam. Vestibulum euismod, lacus nec fringilla ultricies, arcu est egestas nunc, eget viverra orci ipsum eget ligula. Fusce iaculis at erat sed sagittis. Quisque facilisis ex tellus, at imperdiet sapien sodales volutpat. Donec et sem lectus. Sed scelerisque tempor mauris ullamcorper dapibus.

Donec varius dignissim aliquet. Nulla fermentum aliquam dui sit amet consequat. Duis ex dui, blandit in hendrerit vel, convallis a dolor. Duis vel hendrerit mi. Integer ut sem non metus pharetra cursus. Integer mattis justo porta erat feugiat, vitae scelerisque risus porta. Curabitur in fringilla nisi. Aliquam consequat augue nulla. Vestibulum elit risus, placerat non odio ut, elementum tincidunt lorem. Aliquam consequat molestie eros id consequat. Etiam gravida lorem a egestas pharetra. Aliquam tincidunt tempor risus vitae vehicula. Sed posuere lectus erat, non dignissim ex consectetur eget. Sed sed odio consequat, sodales sem hendrerit, rutrum nisi.

Nunc posuere sapien laoreet lacinia auctor. In bibendum eget ligula non eleifend. Nam convallis risus non ipsum lobortis, sit amet elementum nunc aliquam. In vitae iaculis enim, a congue ligula. Suspendisse pharetra purus sed fermentum euismod. Proin ultrices vitae augue eu maximus. Proin sollicitudin purus at volutpat finibus. Interdum et malesuada fames ac ante ipsum primis in faucibus. Curabitur purus est, dictum id ipsum eget, lobortis varius odio. Sed at eleifend erat, non egestas felis. Fusce est purus, varius non semper quis, bibendum posuere est. Donec eu mauris id quam cursus bibendum ut et enim. Aenean dictum mauris imperdiet purus auctor, vitae faucibus neque molestie. Curabitur euismod consequat elit et convallis.

Sed non mi eu sem tincidunt consequat. Ut porttitor efficitur magna, sit amet tincidunt mi interdum ut. In at mi nulla. Nunc pretium lectus magna, quis mollis lorem tincidunt vitae. Quisque tincidunt auctor magna, ut ultricies nisl tempus eget. Sed blandit nibh odio, quis eleifend nisi elementum et. Nulla pretium vulputate dolor, eu venenatis orci aliquam sed.

Proin ut mattis sem. Vestibulum urna augue, luctus ac fermentum nec, fermentum sed arcu. Phasellus eget erat sed neque luctus venenatis eget ac orci. Proin volutpat eros quis fringilla ullamcorper. Aliquam erat volutpat. Duis purus purus, dictum a purus in, interdum aliquam nibh. In hac habitasse platea dictumst.

Nulla vel lorem porta, aliquam justo eu, placerat dolor. Etiam sodales id libero id egestas. Aliquam dictum leo id ante aliquet ultricies. Aenean vitae nunc lobortis, tincidunt ligula et, laoreet lectus. Fusce ut euismod augue. Nam et turpis purus. Suspendisse lorem eros, accumsan in tellus et, laoreet semper tellus. Morbi auctor metus ut nisl porttitor accumsan. Vestibulum at lobortis odio.

Sed ac congue lorem, et luctus metus. Aliquam consequat lectus massa, eget interdum est fermentum non. Proin venenatis a neque non elementum. Sed consequat neque quis elementum interdum. Ut tempor diam eu tortor rhoncus vehicula. Nullam porttitor diam orci, non accumsan lacus maximus eu. Vivamus pellentesque gravida orci, in tempus elit condimentum in. Aliquam ut porttitor leo, vitae tempus massa.

Morbi in congue leo. Morbi ac lorem finibus, tincidunt elit ac, vestibulum ante. Mauris cursus turpis malesuada aliquet iaculis. In ut commodo nisl. Praesent pellentesque est neque, sollicitudin ultrices magna mollis ac. Aliquam fringilla, metus nec sollicitudin posuere, nibh nisl commodo dui, at feugiat tellus enim volutpat tortor. Donec ornare, tortor vel dapibus pellentesque, nisl eros efficitur turpis, sed convallis orci eros et libero. Phasellus id lorem quis mauris volutpat aliquet. Aliquam enim nulla, finibus ut pulvinar ut, accumsan non leo. Quisque ultricies rhoncus lorem. Praesent cursus purus ac elit congue pharetra. Suspendisse a orci pretium purus pharetra lacinia. In non placerat nibh. Aliquam sit amet magna viverra metus pulvinar malesuada. Aenean porttitor laoreet luctus.

Nulla facilisi. Nam interdum nulla odio, at vulputate ante mattis ac. Mauris lacinia mattis quam nec congue. Suspendisse iaculis magna sit amet ligula bibendum, quis fermentum augue pretium. Vestibulum ante ipsum primis in faucibus orci luctus et ultrices posuere cubilia curae; Proin condimentum eu lacus at vulputate. Duis urna dolor, posuere ac tempus ut, scelerisque in ligula. Suspendisse interdum lorem non eros blandit, et pretium mi finibus. Aenean eu aliquet nibh. Cras consequat risus ante. Pellentesque habitant morbi tristique senectus et netus et malesuada fames ac turpis egestas.

Morbi volutpat sed tellus eget aliquam. Fusce congue cursus elit id accumsan. Donec nec tempor dui. Curabitur non sapien fermentum, tristique odio scelerisque, pretium lorem. Etiam convallis magna ut odio maximus, sed vulputate enim gravida. Aliquam tempor dictum arcu et finibus. Donec purus leo, semper vel congue eget, suscipit sed libero. Morbi consequat vestibulum elit, in aliquet mi imperdiet vitae. Morbi viverra urna vel lorem interdum, at ornare mauris condimentum. In tempor tortor tortor, eget aliquam metus elementum ultricies.

Sed in ante sollicitudin, mollis mauris sed, dictum ante. Phasellus eget auctor ante. In aliquet metus non vestibulum viverra. Orci varius natoque penatibus et magnis dis parturient montes, nascetur ridiculus mus. Nullam scelerisque hendrerit urna, vel imperdiet eros tristique ut. Curabitur volutpat fermentum enim, vitae dignissim ipsum consequat vitae. Morbi maximus, nisl a congue tempor, nisl quam feugiat ante, quis tincidunt turpis sem vulputate tortor. Duis euismod tempus dolor in vulputate. Integer commodo nec tellus sed mollis. Ut quis varius nulla. Vestibulum semper luctus eleifend. Praesent condimentum ex interdum, blandit tellus at, sollicitudin mauris.

Morbi non dignissim lorem. Etiam at bibendum justo. Orci varius natoque penatibus et magnis dis parturient montes, nascetur ridiculus mus. Aliquam iaculis non nulla ut sodales. Suspendisse sed aliquet dui, id hendrerit felis. Quisque eu justo mi. Nulla interdum odio elit, at iaculis augue dignissim in. Donec tristique tortor in scelerisque gravida. Nam aliquam justo quis mollis gravida. Vestibulum ante ipsum primis in faucibus orci luctus et ultrices posuere cubilia curae; Aenean sit amet blandit tellus. Etiam pulvinar diam a lacinia sodales. Quisque nec metus ac dolor imperdiet vulputate commodo eu mi. Sed imperdiet nisi massa, at ultricies felis tincidunt molestie. Aliquam vitae nisl non erat porttitor pharetra vel ut quam.

Aliquam porttitor erat ipsum, ut molestie nunc maximus in. Nam lectus nisi, efficitur vel metus elementum, egestas dignissim augue. Pellentesque et augue orci. Donec bibendum, nunc sit amet cursus mollis, justo orci consequat magna, et aliquet augue massa vitae elit. Vivamus eget ex vitae tellus interdum ornare eu vitae metus. Quisque euismod turpis in accumsan suscipit. Duis id volutpat ipsum. Etiam pretium dignissim lorem. Sed vitae ultricies sem, non varius augue. Vestibulum dictum justo quis placerat sagittis. Nulla in augue vel diam accumsan ultrices sit amet vel nulla. Quisque eu lobortis sapien, vitae auctor ex. Aenean sodales orci ex, id euismod quam cursus vitae. Ut augue libero, cursus vel ex vitae, consectetur luctus tellus. Suspendisse in tellus sit amet felis bibendum tincidunt.

Donec varius diam diam, in ullamcorper tellus euismod nec. Pellentesque sit amet quam sed arcu tempor vulputate. Maecenas dapibus risus vel laoreet tempor. Nunc dignissim placerat fringilla. Proin finibus placerat felis a efficitur. Donec ornare tellus nisl, et consequat ipsum pharetra non. Cras vulputate ullamcorper tellus vel ultricies.

Cras tempor dui odio, a tincidunt tortor viverra eget. Phasellus placerat lacus ac aliquam auctor. Maecenas bibendum felis quis quam ornare volutpat. Nam viverra egestas maximus. Nunc vitae metus bibendum, viverra magna eget, tincidunt eros. Nullam sem dolor, consequat ac porttitor sit amet, congue quis velit. Aenean orci arcu, volutpat quis felis ut, venenatis accumsan orci. Proin dapibus finibus vulputate. Suspendisse imperdiet luctus neque, commodo dictum tellus sodales vitae. Vivamus in nisi vitae purus fringilla malesuada. Morbi at nisl a nunc faucibus commodo. Mauris ac vulputate purus. Integer sed lectus eu augue dictum finibus. Ut mollis ante purus, venenatis molestie nisi sodales a. Nunc a mattis ipsum. Fusce porttitor nulla vitae ante rutrum, ac pulvinar nibh maximus.

Phasellus faucibus neque quis augue molestie, accumsan pretium ipsum feugiat. In eget eleifend est, sit amet tincidunt magna. Aliquam magna urna, varius sit amet ornare in, volutpat sit amet sapien. Nam id tincidunt mi, ut pellentesque ante. Nullam velit enim, lacinia sit amet consequat a, convallis et tortor. Duis lacus nunc, placerat eget vehicula vitae, scelerisque eu erat. Fusce efficitur auctor nisl, sit amet vestibulum risus venenatis ac. Nam at felis finibus, vulputate tellus in, gravida lacus. Morbi nisi nisi, venenatis quis ornare eget, iaculis nec ante. Duis velit purus, consectetur vel luctus vel, congue sit amet ipsum. Morbi euismod sapien sem, id bibendum mauris blandit et. Sed ac nulla quam. Duis sed vulputate magna. Proin euismod suscipit diam, ac egestas est scelerisque a. Mauris ex orci, vulputate vitae fringilla vel, maximus at neque. Interdum et malesuada fames ac ante ipsum primis in faucibus.

Maecenas mattis mauris a orci commodo vehicula. Nunc placerat dolor a ante sagittis tempor. Phasellus semper malesuada lectus, sed cursus dui gravida nec. Phasellus quis purus nunc. Aenean diam dui, gravida a vulputate ut, imperdiet non massa. Fusce lorem lorem, mollis ut suscipit sed, fringilla a metus. In volutpat, odio vel interdum gravida, diam dolor faucibus tortor, vel blandit massa felis nec tellus. Praesent luctus enim in euismod luctus. Phasellus eget sodales tortor, sit amet scelerisque turpis. Nam facilisis justo at nisi aliquam, at tempus ante posuere. Aliquam sollicitudin sem et eleifend sodales. Fusce at pretium massa. Nunc sollicitudin a urna quis vestibulum. Donec eget tellus vel velit feugiat euismod.

Duis maximus condimentum ligula, id tincidunt neque placerat sit amet. Quisque faucibus tristique lacinia. Sed quis est ex. Integer diam velit, dictum non est nec, suscipit ultricies ante. Etiam bibendum risus eu urna gravida, in ultrices diam consectetur. Morbi ut ipsum tellus. Cras vitae posuere nisi, egestas euismod nisl. Morbi condimentum semper tellus, in ultricies ligula gravida sit amet. In vitae erat luctus, tempus risus vel, interdum enim. Aliquam lorem orci, porttitor at suscipit eu, congue id turpis. Nullam eu ipsum maximus, vestibulum turpis eget, mattis magna. Fusce commodo luctus condimentum. Donec in porta elit, at fringilla nunc.

Nulla non mauris velit. Orci varius natoque penatibus et magnis dis parturient montes, nascetur ridiculus mus. Mauris lobortis blandit purus, nec pulvinar ligula condimentum a. Proin turpis ligula, tristique a efficitur eget, facilisis a metus. Nunc at nisi elementum, suscipit ipsum non, ultricies tellus. Integer porta, turpis dapibus tempus consectetur, diam urna ultricies ligula, sed sagittis orci nisi sit amet tortor. Curabitur nec risus lorem. Ut posuere nec mauris eu malesuada. Sed dui turpis, dignissim nec convallis sit amet, eleifend quis sem.

Duis laoreet, purus ac pharetra finibus, velit quam mollis urna, non feugiat tellus nisi sed lorem. Sed lorem sem, euismod eu nisl vitae, efficitur elementum nunc. Vivamus id sapien vestibulum, sollicitudin lorem eu, tincidunt lacus. Nulla vehicula sem quis tellus gravida, sed euismod sem sagittis. Integer ac mauris sed est facilisis rhoncus. Pellentesque sollicitudin ultricies mauris, quis viverra lectus pharetra porttitor. Fusce vehicula lorem vel diam gravida consectetur. Maecenas vel sem at quam tristique volutpat eget non tellus. Cras ut pharetra nisi, ut tristique augue. Nullam pharetra massa ligula, vitae laoreet magna molestie eget. Nulla facilisi. Curabitur nunc elit, ultrices nec tempus vitae, egestas sagittis massa.

Nunc tempor enim nec feugiat luctus. Proin blandit eros ut ipsum tincidunt aliquet. Mauris malesuada dignissim tellus ut rutrum. Morbi posuere orci sed purus blandit, non consectetur ante posuere. Aliquam tempus a ipsum vitae dapibus. Phasellus malesuada quam ac felis pharetra scelerisque. Maecenas turpis mauris, pretium sit amet mattis et, pulvinar sit amet purus. Nulla sit amet enim ligula. Mauris erat enim, scelerisque mollis magna eget, finibus rutrum ex. Vivamus neque quam, vestibulum in turpis vel, dignissim tincidunt dolor. Mauris ultricies lacinia erat quis finibus. Ut laoreet lacus pulvinar, sollicitudin turpis et, porta ligula. Quisque sagittis nulla quis justo blandit tincidunt. Sed imperdiet sapien turpis, et sollicitudin augue laoreet ac. Nunc tellus odio, interdum sed aliquam in, mollis nec eros.

Pellentesque fermentum eleifend volutpat. Phasellus sollicitudin turpis eu sapien porttitor finibus. Nunc tincidunt massa est, vitae molestie urna ornare eu. Sed gravida, sapien congue maximus aliquam, magna ex lacinia diam, vel euismod ligula nisl vel ligula. Nulla dapibus placerat dui, eu mattis leo ultricies a. Suspendisse semper est at quam dapibus luctus. Sed luctus ligula ut urna interdum pretium. Maecenas sodales, ex et convallis commodo, enim felis tincidunt sem, tincidunt vulputate odio libero ut augue. Mauris eget nulla nec eros dapibus lobortis. Pellentesque auctor mollis aliquam. Vivamus quam nibh, tempus fringilla dui vel, aliquet interdum diam. Suspendisse fringilla dolor risus, eu scelerisque nulla dictum in.

Curabitur posuere lobortis risus, quis tincidunt est euismod non. Sed vitae arcu lorem. Nullam vitae tellus nunc. Integer vestibulum, turpis id suscipit convallis, eros felis feugiat leo, at fringilla nulla tortor ut dolor. Lorem ipsum dolor sit amet, consectetur adipiscing elit. Nullam interdum semper nulla id molestie. In hac habitasse platea dictumst. Sed sagittis, tortor nec fringilla pulvinar, ipsum turpis pretium elit, at maximus est ex et purus. Ut commodo, diam non hendrerit tempor, sem tellus tempus metus, id porttitor arcu sem sed turpis. Ut euismod interdum facilisis. Vivamus a tempor libero. Morbi scelerisque euismod bibendum. Etiam vulputate nisi ut tellus tristique dignissim at viverra neque. Donec rhoncus nec dui vel varius. Nullam id elit ac ligula pharetra fermentum quis ut libero.

Suspendisse ullamcorper hendrerit ligula, nec sollicitudin elit cursus ut. Donec maximus risus in sodales finibus. Pellentesque a vulputate lorem, sit amet feugiat massa. Praesent tempus nisi non magna ultrices volutpat. Nunc efficitur nisi nec magna malesuada, efficitur lacinia nunc cursus. In volutpat feugiat fermentum. Praesent ut ante nibh. Suspendisse eu vulputate diam. Quisque quis sem vitae odio malesuada maximus sit amet in arcu. Vestibulum ante ipsum primis in faucibus orci luctus et ultrices posuere cubilia curae; Nulla pulvinar odio in interdum condimentum. Fusce imperdiet ligula at nisi tempus, consequat pulvinar mi consequat. Nulla molestie ac orci posuere laoreet. Integer hendrerit porttitor turpis vitae lacinia. Morbi porta nec est vitae dapibus. Nunc consequat felis in turpis blandit dignissim hendrerit vitae neque.

Proin vehicula blandit porttitor. Duis nec orci vitae ante dapibus facilisis. Etiam consectetur convallis risus at imperdiet. Curabitur ac finibus mauris, non sagittis ligula. Aliquam quis ante non dolor sagittis auctor sed id risus. Nulla auctor velit in neque bibendum tempus. Fusce at efficitur neque. Nulla vestibulum ligula neque, a suscipit nibh posuere sed. Proin in lectus ac orci volutpat iaculis. Etiam maximus lacus non tortor rhoncus, et volutpat diam dignissim. Quisque sit amet nibh porttitor, commodo lacus a, fringilla nibh. Aliquam quis diam nibh. Aliquam interdum tortor ut leo egestas, rhoncus pulvinar nulla luctus. Nulla metus arcu, laoreet vitae laoreet a, facilisis at odio.

Donec blandit mi magna, faucibus ultrices nisi gravida nec. Aenean sit amet scelerisque neque. Integer a posuere quam, quis elementum tortor. Aenean sodales lectus sit amet tellus semper fringilla. Nullam varius non lectus non consectetur. Nam ut massa orci. Curabitur ligula felis, suscipit eu nisi ut, sollicitudin molestie tellus. Nam sem turpis, mattis id fermentum eget, vehicula eu nisl. Mauris ultricies lobortis lectus, in tincidunt purus hendrerit at. Duis ligula dolor, consectetur vel sodales sed, lacinia sed ligula. Aenean eros magna, molestie sit amet venenatis et, pretium in urna.

Praesent velit nisl, posuere ac odio vitae, lobortis pellentesque tortor. Sed vehicula elementum metus, eget sodales risus rutrum quis. Nam convallis nibh a sollicitudin porttitor. Morbi rhoncus tellus eget urna facilisis pellentesque. Cras a orci in sem mollis elementum. Fusce dignissim elit id erat posuere consectetur. Nulla facilisi. Cras augue justo, dapibus a neque at, blandit condimentum dolor. Suspendisse pellentesque, nibh a consequat fermentum, lectus arcu consectetur diam, in porttitor nulla eros quis tortor. Nam rhoncus at magna eu porttitor. Sed efficitur nibh elit, eget blandit sapien fermentum eget.

Morbi ac euismod lorem, sit amet elementum arcu. Fusce vel tellus urna. Suspendisse potenti. Donec accumsan dignissim arcu, porttitor maximus ante ultricies id. Pellentesque nec urna pretium, cursus mauris at, scelerisque ante. In tempus, neque in molestie tincidunt, nunc ligula semper dolor, in aliquam dolor risus non felis. Suspendisse a commodo quam.

Pellentesque eros dolor, vestibulum malesuada ligula et, iaculis consectetur ligula. Donec ac nunc mauris. Nam volutpat mauris at dui gravida lacinia. Donec fringilla purus mauris, in iaculis ex facilisis ac. Vivamus sit amet nibh rhoncus, malesuada leo id, aliquet augue. Suspendisse justo nibh, fringilla mattis sapien et, semper luctus eros. Nulla et enim lacinia, eleifend ex sed, egestas justo. Vivamus feugiat lacinia orci quis accumsan. Cras tincidunt eu quam vel posuere.

Mauris blandit nibh orci, euismod vehicula purus tristique in. Donec vel quam felis. Nulla eget velit vitae est faucibus consectetur sit amet non turpis. Morbi a mi eu quam aliquet pharetra. Sed et est venenatis, ornare mi ac, fringilla est. Pellentesque vitae mauris neque. Praesent placerat auctor lectus eu commodo. Curabitur vehicula dui dignissim sagittis aliquam. Aenean vitae risus ac arcu pretium ultrices. Donec at molestie felis. Maecenas pellentesque purus ac mi ultrices tincidunt.

Duis viverra mi nec auctor interdum. Aenean nulla magna, lacinia tincidunt blandit non, congue vel erat. In ac consequat tellus. Morbi odio odio, consequat sit amet fringilla id, efficitur ac est. Pellentesque non dignissim sapien. Cras non accumsan nisi, ut semper nulla. Sed ultricies justo non felis congue ullamcorper. Vestibulum tincidunt fermentum quam vel sollicitudin. Proin mattis pulvinar dolor sit amet pharetra.

Donec posuere sit amet ante a mattis. Aliquam pharetra, quam nec imperdiet hendrerit, lorem mauris elementum odio, vitae egestas leo sem at dolor. Nam malesuada neque arcu, vel rhoncus ante faucibus nec. Ut maximus, elit id vulputate blandit, ex eros ullamcorper ipsum, ut viverra nisi nisi a neque. Curabitur sit amet nunc leo. Etiam elit nulla, condimentum nec posuere ut, aliquet sit amet erat. Nam nec nunc arcu. Nunc dapibus a ligula laoreet aliquam. Etiam convallis lacinia mi, et fermentum tortor elementum eu. Phasellus varius enim ut posuere vestibulum. Morbi vel porta sapien. Morbi efficitur enim a nunc tempor fringilla. Maecenas vitae neque nec lectus ullamcorper sagittis vitae a eros. Aenean tincidunt tempor libero et ornare. Phasellus id lectus mi.

Donec convallis sodales est, eu rutrum odio suscipit ac. Donec sit amet nibh hendrerit, euismod neque eu, cursus augue. Phasellus vitae gravida ex. Proin pulvinar ligula sed dolor ultricies dignissim. Donec bibendum bibendum nisl, at suscipit sapien lacinia vel. Donec volutpat magna in vestibulum faucibus. Nam vehicula scelerisque arcu non egestas. Sed feugiat maximus lacinia. Pellentesque ullamcorper a purus sit amet ornare. Ut eros metus, lacinia at tincidunt at, finibus in nibh. Mauris porttitor elit at nulla aliquet, eu facilisis elit egestas. Vestibulum ante ipsum primis in faucibus orci luctus et ultrices posuere cubilia curae; Pellentesque habitant morbi tristique senectus et netus et malesuada fames ac turpis egestas. Sed in bibendum est. Fusce pretium nisi diam, vel tincidunt nisi vehicula non.

Class aptent taciti sociosqu ad litora torquent per conubia nostra, per inceptos himenaeos. In in tellus felis. Morbi gravida ipsum eu mi commodo egestas. Nunc magna felis, egestas et congue sit amet, egestas non augue. Integer vitae nisl et tellus tincidunt imperdiet. Integer vulputate tincidunt ipsum, non tempor nibh laoreet eu. Donec venenatis varius est vel imperdiet. Curabitur tincidunt ultrices velit eu congue. Duis hendrerit maximus dolor, sed dapibus arcu sodales ut. Nullam ullamcorper lacinia maximus. Praesent iaculis, justo sed feugiat imperdiet, purus felis cursus nisl, sed sollicitudin nisl ipsum nec libero. Pellentesque eu nunc scelerisque, ultricies libero at, vulputate lacus. Ut non ante dictum, tincidunt dui sit amet, ultrices libero. Aliquam erat volutpat. Fusce ligula urna, pellentesque eu malesuada sed, eleifend sed ex.

Suspendisse venenatis porttitor felis quis suscipit. Proin vel augue quis tortor auctor tempor nec a urna. Cras molestie, leo sed laoreet varius, metus sapien viverra dui, non semper dui turpis eget enim. Proin dolor ipsum, facilisis ut lectus ac, pharetra feugiat arcu. Praesent pharetra vel ligula nec pretium. In et malesuada sem. Nunc aliquam arcu massa.

Etiam et laoreet nibh. Nam in placerat lorem. Curabitur ut odio vel nisl ultrices vehicula at ut felis. Mauris vulputate felis in rutrum viverra. Nulla dictum, lectus ac efficitur consectetur, risus urna luctus erat, eget lacinia dolor lorem eu odio. Sed viverra, nunc sit amet fringilla ultricies, mi lorem sodales orci, vel dignissim nulla ligula vitae augue. Vivamus varius nisl iaculis magna rhoncus, ac aliquam quam tempus. Curabitur placerat sapien a posuere malesuada. Mauris tincidunt bibendum augue at facilisis. Donec venenatis lectus non varius hendrerit. Mauris vel odio enim. Integer et lacinia purus. Morbi vitae nulla et sem tempor congue in in enim. Sed auctor turpis at diam posuere, vitae pulvinar leo maximus. Praesent sed finibus dui.

Proin rutrum nunc id dolor pulvinar aliquam. In ut tincidunt dui. Mauris id pulvinar orci. Proin gravida nec tellus et pulvinar. Nulla facilisis ex mi, sed euismod nibh volutpat id. Pellentesque in lectus nunc. Maecenas commodo eu metus a lobortis. Morbi tincidunt dapibus semper. Phasellus efficitur tellus vel bibendum malesuada. Nullam justo dui, tempus id lobortis sed, fermentum pellentesque lectus. Aliquam erat volutpat. Maecenas auctor rutrum venenatis. Fusce efficitur suscipit lectus in iaculis. Vestibulum quam enim, pellentesque nec urna porttitor, elementum fermentum dui. Maecenas elementum suscipit velit, id cursus enim.

In malesuada ut felis eget condimentum. Suspendisse tincidunt odio maximus ultricies placerat. Nulla efficitur ut neque porta tempor. Integer dictum consequat leo et vestibulum. Aliquam erat volutpat. Sed id ex et elit luctus faucibus et non leo. Nulla maximus velit ut mauris accumsan, ut varius orci fringilla. Quisque ultricies augue eu leo auctor, eu ornare orci suscipit. Quisque ac nisi at eros consectetur rutrum eu vel velit. Vestibulum enim sapien, dictum at ipsum malesuada, volutpat luctus felis. Maecenas auctor vitae magna in venenatis. Aenean vel fringilla nunc, vitae consequat nisl.

Fusce dapibus faucibus sagittis. Nam semper tincidunt nunc sit amet mattis. Suspendisse pellentesque, arcu eu facilisis viverra, purus turpis dapibus metus, sed sodales erat urna ut nisl. Etiam rutrum lacus erat, ut malesuada tellus molestie vitae. Donec ullamcorper mi vel magna auctor, eu varius felis ac.]]></wp:comment_content><wp:comment_approved><![CDATA[1]]></wp:comment_approved><wp:comment_type><![CDATA[comment]]></wp:comment_type></wp:comment></item></channel></rss>
