<?xml version="1.0" encoding="UTF-8" ?><rss version="2.0" xmlns:wp="http://wordpress.org/export/1.2/"><channel><title>example.com</title><link>https://example.com</link><item><title><![CDATA[It's a post]]></title><link>https://example.com/post/1</link><guid isPermaLink="false">https://example.com/post/1</guid><wp:comment><wp:comment_id>42</wp:comment_id><wp:comment_author><![CDATA[Luke Skywalker]]></wp:comment_author><wp:comment_author_email><![CDATA[luke@skywalker.com]]></wp:comment_author_email><wp:comment_author_url><![CDATA[https://skywalker.com/]]></wp:comment_author_url><wp:comment_date><![CDATA[2000-01-02 12:16:00]]></wp:comment_date><wp:comment_date_gmt><![CDATA[2000-01-02 02:16:00]]></wp:comment_date_gmt><wp:comment_content><![CDATA[Use the force, %username%!]]></wp:comment_content><wp:comment_approved><![CDATA[1]]></wp:comment_approved><wp:comment_type><![CDATA[comment]]></wp:comment_type></wp:comment></item></channel></rss>
